Workbook

Sheet Question 1
E2: Question 1.) Explain the difference between Relative, Absolute and Mixed Cell Referencing.
D5: Relative Reference | J5: Absolute Reference | P5: Mixed Reference

Sheet Question 2
G2: Question 2) : Write a formula to calculate the total sales of Car and Bicyle only only.
D7: Vehicle | E7: Price
D8: Car | E8: 500000
D9: Bicycle | E9: 10500
D10: Auto-Rickshaw | E10: 25000
C14: Total Sales of Car and Bicycle - | F14: =SUM(SUMIFS(E8:E10,D8:D10,{"Bicycle","Car"})) -> 510500

Sheet Question 3
F2: Question 3) : Using the data below, write a formula to calculate the average sales of items priced above 100 but less than 300
C5: ITEM | D5: PRICE | E5: SALES
C6: ITEM A | D6: 90 | E6: 1000
C7: ITEM B | D7: 150 | E7: 1200
C8: ITEM C | D8: 250 | E8: 1500
B13: Average Sales(>100 and <300) - | F13: =AVERAGEIFS(E6:E8,D6:D8,">100",D6:D8,"<300") -> 1350

Sheet Question 4
H2: Question 4) : Count how many customer names are recorded.
A5: OrderID | B5: CustomerName | C5: Region | D5: Product | E5: Quantity | F5: UnitPrice | G5: OrderDate
A6: 1001 | B6: Amit Sharma | C6: North | D6: Notebook | E6: 10 | F6: 50 | G6: 45296
A7: 1002 | B7: Neha Verma | C7: South | D7: Pen | E7: 20 | F7: 10 | G7: 45297
A8: 1003 | B8: Rahul Singh | C8: East | D8: Marker | E8: 15 | F8: 25 | G8: 45298
A9: 1004 | B9: Pooja Mehta | C9: West | D9: Notebook | E9: 5 | F9: 50 | G9: 45299
A10: 1005 | B10: Ankit Jain | C10: North | D10: Pencil | E10: 30 | F10: 5 | G10: 45301
A11: 1006 | B11: Sneha Patel | C11: South | D11: Notebook | E11: 12 | F11: 50 | G11: 45302
A12: 1007 | B12: Vikas Gupta | C12: East | D12: Eraser | E12: 25 | F12: 8 | G12: 45304
A13: 1008 | B13: Meera Nair | C13: West | D13: Pen | E13: 18 | F13: 10 | G13: 45306
A14: 1009 | B14: Anjali Rao | C14: North | D14: Marker | E14: 22 | F14: 25 | G14: 45308
A15: 1010 | B15: Manoj Das | C15: South | D15: Notebook | E15: 8 | F15: 50 | G15: 45309
A16: 1011 | B16: Ritika Sen | C16: East | D16: Pencil | E16: 40 | F16: 5 | G16: 45310 | J16: Total Customer Names | M16: =COUNTA(B6:B56) -> 50
A17: 1012 | B17: Karan Malhotra | C17: West | D17: Eraser | E17: 35 | F17: 8 | G17: 45311
A18: 1013 | B18: Aryan Joshi | C18: North | D18: Notebook | E18: 14 | F18: 50 | G18: 45313
A19: 1014 | B19: Divya Kapoor | C19: South | D19: Pen | E19: 28 | F19: 10 | G19: 45314
A20: 1015 | B20: Sahil Arora | C20: East | D20: Marker | E20: 12 | F20: 25 | G20: 45315
A21: 1016 | B21: Muskan Jain | C21: West | D21: Pencil | E21: 25 | F21: 5 | G21: 45317
A22: 1017 | B22: Rohan Gupta | C22: North | D22: Eraser | E22: 20 | F22: 8 | G22: 45319
A23: 1018 | B23: Nidhi Sharma | C23: South | D23: Notebook | E23: 10 | F23: 50 | G23: 45320
A24: 1019 | B24: Tarun Verma | C24: East | D24: Pen | E24: 15 | F24: 10 | G24: 45321
A25: 1020 | B25: Simran Kaur | C25: West | D25: Marker | E25: 18 | F25: 25 | G25: 45323
A26: 1021 | B26: Deepak Rao | C26: North | D26: Notebook | E26: 9 | F26: 50 | G26: 45324
A27: 1022 | B27: Payal Mehta | C27: South | D27: Pencil | E27: 35 | F27: 5 | G27: 45325
A28: 1023 | B28: Aditya Singh | C28: East | D28: Eraser | E28: 30 | F28: 8 | G28: 45326
... A55: 1050 | B55: Vivek Malhotra | C55: South | D55: Pen | E55: 25 | F55: 10 | G55: 45359

Sheet Qusetion 5
I2: Question 5) : Calculate the Total Sales for each row using a formula.
B8: OrderID | C8: CustomerName | D8: Region | E8: Product | F8: Quantity | G8: UnitPrice | H8: OrderDate | I8: Total Sales
B9: 1001 | C9: Amit Sharma | D9: North | E9: Notebook | F9: 10 | G9: 50 | H9: 45296 | I9: =F9*G9 -> 500
B10: 1002 | C10: Neha Verma | D10: South | E10: Pen | F10: 20 | G10: 10 | H10: 45297 | I10: =F10*G10 -> 200
B11: 1003 | C11: Rahul Singh | D11: East | E11: Marker | F11: 15 | G11: 25 | H11: 45298 | I11: =F11*G11 -> 375
B12: 1004 | C12: Pooja Mehta | D12: West | E12: Notebook | F12: 5 | G12: 50 | H12: 45299 | I12: =F12*G12 -> 250
B13: 1005 | C13: Ankit Jain | D13: North | E13: Pencil | F13: 30 | G13: 5 | H13: 45301 | I13: =F13*G13 -> 150
B14: 1006 | C14: Sneha Patel | D14: South | E14: Notebook | F14: 12 | G14: 50 | H14: 45302 | I14: =F14*G14 -> 600
B15: 1007 | C15: Vikas Gupta | D15: East | E15: Eraser | F15: 25 | G15: 8 | H15: 45304 | I15: =F15*G15 -> 200
B16: 1008 | C16: Meera Nair | D16: West | E16: Pen | F16: 18 | G16: 10 | H16: 45306 | I16: =F16*G16 -> 180
B17: 1009 | C17: Anjali Rao | D17: North | E17: Marker | F17: 22 | G17: 25 | H17: 45308 | I17: =F17*G17 -> 550
B18: 1010 | C18: Manoj Das | D18: South | E18: Notebook | F18: 8 | G18: 50 | H18: 45309 | I18: =F18*G18 -> 400
B19: 1011 | C19: Ritika Sen | D19: East | E19: Pencil | F19: 40 | G19: 5 | H19: 45310 | I19: =F19*G19 -> 200
B20: 1012 | C20: Karan Malhotra | D20: West | E20: Eraser | F20: 35 | G20: 8 | H20: 45311 | I20: =F20*G20 -> 280
... B58: 1050 | C58: Vivek Malhotra | D58: South | E58: Pen | F58: 25 | G58: 10 | H58: 45359 | I58: =F58*G58 -> 250

Sheet Question 6
G2: Question 6) : Calculate the total sales of Notebooks in the North region only.
A6: OrderID | B6: CustomerName | C6: Region | D6: Product | E6: Quantity | F6: UnitPrice | G6: OrderDate | H6: Total Sales
A7: 1001 | B7: Amit Sharma | C7: North | D7: Notebook | E7: 10 | F7: 50 | G7: 45296 | H7: =E7*F7 -> 500
A8: 1002 | B8: Neha Verma | C8: South | D8: Pen | E8: 20 | F8: 10 | G8: 45297 | H8: =E8*F8 -> 200
A9: 1003 | B9: Rahul Singh | C9: East | D9: Marker | E9: 15 | F9: 25 | G9: 45298 | H9: =E9*F9 -> 375
A10: 1004 | B10: Pooja Mehta | C10: West | D10: Notebook | E10: 5 | F10: 50 | G10: 45299 | H10: =E10*F10 -> 250
A11: 1005 | B11: Ankit Jain | C11: North | D11: Pencil | E11: 30 | F11: 5 | G11: 45301 | H11: =E11*F11 -> 150
A12: 1006 | B12: Sneha Patel | C12: South | D12: Notebook | E12: 12 | F12: 50 | G12: 45302 | H12: =E12*F12 -> 600
A13: 1007 | B13: Vikas Gupta | C13: East | D13: Eraser | E13: 25 | F13: 8 | G13: 45304 | H13: =E13*F13 -> 200
A14: 1008 | B14: Meera Nair | C14: West | D14: Pen | E14: 18 | F14: 10 | G14: 45306 | H14: =E14*F14 -> 180
A15: 1009 | B15: Anjali Rao | C15: North | D15: Marker | E15: 22 | F15: 25 | G15: 45308 | H15: =E15*F15 -> 550
A16: 1010 | B16: Manoj Das | C16: South | D16: Notebook | E16: 8 | F16: 50 | G16: 45309 | H16: =E16*F16 -> 400
A17: 1011 | B17: Ritika Sen | C17: East | D17: Pencil | E17: 40 | F17: 5 | G17: 45310 | H17: =E17*F17 -> 200 | J17: Total sales of Notebooks in the North region only is : | O17: =SUMIFS(H7:H56,D7:D56,"Notebook",C7:C56,"North") -> 2900
A18: 1012 | B18: Karan Malhotra | C18: West | D18: Eraser | E18: 35 | F18: 8 | G18: 45311 | H18: =E18*F18 -> 280
A19: 1013 | B19: Aryan Joshi | C19: North | D19: Notebook | E19: 14 | F19: 50 | G19: 45313 | H19: =E19*F19 -> 700
A20: 1014 | B20: Divya Kapoor | C20: South | D20: Pen | E20: 28 | F20: 10 | G20: 45314 | H20: =E20*F20 -> 280
A21: 1015 | B21: Sahil Arora | C21: East | D21: Marker | E21: 12 | F21: 25 | G21: 45315 | H21: =E21*F21 -> 300
A22: 1016 | B22: Muskan Jain | C22: West | D22: Pencil | E22: 25 | F22: 5 | G22: 45317 | H22: =E22*F22 -> 125
A23: 1017 | B23: Rohan Gupta | C23: North | D23: Eraser | E23: 20 | F23: 8 | G23: 45319 | H23: =E23*F23 -> 160
A24: 1018 | B24: Nidhi Sharma | C24: South | D24: Notebook | E24: 10 | F24: 50 | G24: 45320 | H24: =E24*F24 -> 500
A25: 1019 | B25: Tarun Verma | C25: East | D25: Pen | E25: 15 | F25: 10 | G25: 45321 | H25: =E25*F25 -> 150
A26: 1020 | B26: Simran Kaur | C26: West | D26: Marker | E26: 18 | F26: 25 | G26: 45323 | H26: =E26*F26 -> 450
A27: 1021 | B27: Deepak Rao | C27: North | D27: Notebook | E27: 9 | F27: 50 | G27: 45324 | H27: =E27*F27 -> 450
A28: 1022 | B28: Payal Mehta | C28: South | D28: Pencil | E28: 35 | F28: 5 | G28: 45325 | H28: =E28*F28 -> 175
A29: 1023 | B29: Aditya Singh | C29: East | D29: Eraser | E29: 30 | F29: 8 | G29: 45326 | H29: =E29*F29 -> 240
... A56: 1050 | B56: Vivek Malhotra | C56: South | D56: Pen | E56: 25 | F56: 10 | G56: 45359 | H56: =E56*F56 -> 250

Sheet Question 7
G2: Question 7) :Create a column chart showing total sales by product.
B7: Product | C7: Total Sales
B8: Notebook | C8: =SUMIF('Question 6'!D7:D56,'Question 7'!B8,'Question 6'!H7:H56) -> 7550
B9: Pen | C9: =SUMIF('Question 6'!D8:D57,'Question 7'!B9,'Question 6'!H8:H57) -> 2180
B10: Marker | C10: =SUMIF('Question 6'!D9:D58,'Question 7'!B10,'Question 6'!H9:H58) -> 3650
B11: Pencil | C11: =SUMIF('Question 6'!D10:D59,'Question 7'!B11,'Question 6'!H10:H59) -> 1235
B12: Eraser | C12: =SUMIF('Question 6'!D11:D60,'Question 7'!B12,'Question 6'!H11:H60) -> 1928

Sheet Question 8
I2: Question 8 : Insert a line chart showing daily sales trend.
B5: OrderDate | C5: Total Sales
B6: 45296 | C6: 500
B7: 45297 | C7: 200
B8: 45298 | C8: 375
B9: 45299 | C9: 250
B10: 45301 | C10: 150
B11: 45302 | C11: 600
B12: 45304 | C12: 200
B13: 45306 | C13: 180
B14: 45308 | C14: 550
B15: 45309 | C15: 400
B16: 45310 | C16: 200
B17: 45311 | C17: 280
... B55: 45359 | C55: 250

Sheet Dataset - Sheet1 
A1: OrderID | B1: CustomerName | C1: Region | D1: Product | E1: Quantity | F1: UnitPrice | G1: OrderDate
A2: 1001 | B2: Amit Sharma | C2: North | D2: Notebook | E2: 10 | F2: 50 | G2: 45296
A3: 1002 | B3: Neha Verma | C3: South | D3: Pen | E3: 20 | F3: 10 | G3: 45297
A4: 1003 | B4: Rahul Singh | C4: East | D4: Marker | E4: 15 | F4: 25 | G4: 45298
A5: 1004 | B5: Pooja Mehta | C5: West | D5: Notebook | E5: 5 | F5: 50 | G5: 45299
A6: 1005 | B6: Ankit Jain | C6: North | D6: Pencil | E6: 30 | F6: 5 | G6: 45301
A7: 1006 | B7: Sneha Patel | C7: South | D7: Notebook | E7: 12 | F7: 50 | G7: 45302
A8: 1007 | B8: Vikas Gupta | C8: East | D8: Eraser | E8: 25 | F8: 8 | G8: 45304
A9: 1008 | B9: Meera Nair | C9: West | D9: Pen | E9: 18 | F9: 10 | G9: 45306
A10: 1009 | B10: Anjali Rao | C10: North | D10: Marker | E10: 22 | F10: 25 | G10: 45308
A11: 1010 | B11: Manoj Das | C11: South | D11: Notebook | E11: 8 | F11: 50 | G11: 45309
A12: 1011 | B12: Ritika Sen | C12: East | D12: Pencil | E12: 40 | F12: 5 | G12: 45310
A13: 1012 | B13: Karan Malhotra | C13: West | D13: Eraser | E13: 35 | F13: 8 | G13: 45311
... A51: 1050 | B51: Vivek Malhotra | C51: South | D51: Pen | E51: 25 | F51: 10 | G51: 45359
